{
    "clustering_quality": {
        "ari_history": [
            0.0,
            0.0,
            0.0
        ],
        "nmi_history": [
            0.0,
            0.0,
            0.0
        ],
        "purity_history": [
            1.0,
            1.0,
            1.0
        ]
    },
    "communication_efficiency": {
        "upload_bytes_per_round": [
            32572308,
            32557916,
            32553804
        ],
        "download_bytes_per_round": [
            73976640,
            73976640,
            73976640
        ],
        "avg_client_compute_time_per_round": [
            0.554837703704834,
            0.37225593328475953,
            0.3777007102966309,
            0.41972711086273196,
            0.4100878596305847,
            0.4545619010925293,
            0.46446512937545775,
            0.43080590963363646,
            0.40471593141555784,
            0.39393866062164307,
            0.39878923892974855,
            0.39641048908233645,
            0.4165522813796997,
            0.42448676824569703,
            0.6191437005996704,
            0.4783987760543823,
            0.42371468544006347,
            0.44099739789962766,
            0.5132937431335449,
            0.6057132482528687,
            0.4032067537307739
        ],
        "server_compute_time_per_round": [
            7.84394645690918,
            5.022352933883667,
            5.254777908325195,
            5.769416332244873,
            6.516843795776367,
            6.485193252563477,
            7.159477472305298,
            7.153075933456421,
            6.950040817260742,
            6.887730360031128,
            7.520087003707886,
            7.0735087394714355,
            6.646474838256836,
            7.358489990234375,
            7.043750524520874,
            7.214550971984863,
            6.809605598449707,
            6.995061874389648,
            7.08501410484314,
            7.020155906677246,
            6.1279425621032715
        ]
    },
    "fairness_metrics": {
        "accuracy_std_per_round": [
            null,
            null,
            null
        ],
        "worst_client_accuracy_per_round": [
            null,
            null,
            null
        ],
        "client_accuracies_history": {
            "0": [],
            "10": [],
            "20": []
        }
    },
    "drift_adaptation_capability": {
        "detected_drifts_per_round": [
            0,
            1,
            1
        ],
        "accuracy_drifted_clients_post_adaptation": [
            null,
            null,
            null
        ],
        "accuracy_non_drifted_clients": [
            null,
            null,
            null
        ]
    }
}