{
    "clustering_quality": {
        "ari_history": [],
        "nmi_history": [],
        "purity_history": []
    },
    "communication_efficiency": {
        "upload_bytes_per_round": [
            46009556,
            46009516,
            46009516
        ],
        "download_bytes_per_round": [
            36988320,
            36988320,
            36988320
        ],
        "avg_client_compute_time_per_round": [
            0.16997430324554444,
            0.18566470146179198,
            0.9024616956710816,
            0.9221685647964477,
            0.9057763576507568,
            0.8309518575668335,
            0.9355694770812988,
            0.9898406744003296,
            0.9802314758300781,
            0.2010720729827881,
            0.17361793518066407,
            0.16739234924316407,
            0.8386261940002442,
            1.0369981527328491,
            0.9143532752990723,
            0.8621952533721924,
            0.8819700956344605,
            0.9189474582672119,
            0.45826122760772703,
            0.8849128961563111,
            0.18823702335357667
        ],
        "server_compute_time_per_round": [
            13.725166082382202,
            6.378123998641968,
            5.939684152603149,
            6.4227211475372314,
            6.081773519515991,
            5.651750087738037,
            5.964930057525635,
            5.5139429569244385,
            5.108719348907471,
            5.340254783630371,
            5.414883136749268,
            5.128445625305176,
            5.213202476501465,
            5.055977821350098,
            4.836666107177734,
            4.925554037094116,
            5.15048360824585,
            6.739624738693237,
            4.208635330200195,
            4.903955459594727,
            4.790778636932373
        ]
    },
    "fairness_metrics": {
        "accuracy_std_per_round": [
            null,
            null,
            null
        ],
        "worst_client_accuracy_per_round": [
            null,
            null,
            null
        ],
        "client_accuracies_history": {
            "0": [],
            "10": [],
            "20": []
        }
    },
    "drift_adaptation_capability": {
        "detected_drifts_per_round": [
            0,
            0,
            0
        ],
        "accuracy_drifted_clients_post_adaptation": [
            null,
            null,
            null
        ],
        "accuracy_non_drifted_clients": [
            null,
            null,
            null
        ]
    }
}