{
    "clustering_quality": {
        "ari_history": [],
        "nmi_history": [],
        "purity_history": []
    },
    "communication_efficiency": {
        "upload_bytes_per_round": [
            32553804,
            32549672,
            32564064
        ],
        "download_bytes_per_round": [
            73976640,
            73976640,
            73976640
        ],
        "avg_client_compute_time_per_round": [
            0.43047410249710083,
            0.38500348329544065,
            0.39150266647338866,
            0.4286614775657654,
            0.39589227437973024,
            0.3835710287094116,
            0.3888079643249512,
            0.3417849659919739,
            0.3488914966583252,
            0.8230999112129211,
            0.35743902921676635,
            0.38329885005950926,
            0.35629661083221437,
            0.5784420132637024,
            0.3502667784690857,
            0.3549247860908508,
            0.33102571964263916,
            0.3276924967765808,
            0.3384096026420593,
            0.3321746468544006,
            0.35463162660598757
        ],
        "server_compute_time_per_round": [
            10.800761699676514,
            5.953919887542725,
            5.853434801101685,
            5.94291353225708,
            6.7134082317352295,
            6.58200740814209,
            6.099743366241455,
            6.929333925247192,
            7.382277488708496,
            7.40742564201355,
            7.401280879974365,
            7.236186742782593,
            6.976346015930176,
            6.968729257583618,
            6.82661247253418,
            7.019785642623901,
            7.479124546051025,
            7.545740127563477,
            7.4961748123168945,
            7.185619592666626,
            10.509977340698242
        ]
    },
    "fairness_metrics": {
        "accuracy_std_per_round": [
            null,
            null,
            null
        ],
        "worst_client_accuracy_per_round": [
            null,
            null,
            null
        ],
        "client_accuracies_history": {
            "0": [],
            "10": [],
            "20": []
        }
    },
    "drift_adaptation_capability": {
        "detected_drifts_per_round": [
            0,
            1,
            1
        ],
        "accuracy_drifted_clients_post_adaptation": [
            null,
            null,
            null
        ],
        "accuracy_non_drifted_clients": [
            null,
            null,
            null
        ]
    }
}